0.579164732,0.856670469,0.008189398,0.855917872,0.367750886,0.180845251,0.639329929,0.13428026,0.588269976,0.615501453,0.295095194,0.634056119,0.031035174,0.15313506,0.460763258,0.306203409,0.168214022,0.753418622,0.986428716,0.604827882,0.947885637,0.913836328,0.698942942,0.276117456,0.323420004,0.078603927,0.208692238,0.349655675,0.062205243,0.787453194,0.900047192,0.584141012,0.997269186,0.943855147,0.831781756,0.241387553,0.035865499,0.245248892,0.394727721,0.323916153,0.699073301,0.631614713,0.701882993,0.894818329,0.577880019,0.881379901,0.675795214,0.540899272,0.862558174,0.112687041,0.748666497,0.661458712,0.572619098,0.201657333,0.511287281,0.875797089,0.537933378,0.554154059,0.617485781,0.712679638,0.997097094,0.898014679,0.374773936,0.040949393,0.272848457,0.195897956,0.247379393,0.721899104,0.587257102,0.319613317
0.425803436,0.406010165,0.91935068,0.830271576,0.970945456,0.342741372,0.465922824,0.817931166,0.05845262,0.259702403,0.685232167,0.926825742,0.7564238,0.355914608,0.883079314,0.846832201,0.745365077,0.788839649,0.74183462,0.687639068,0.16558977,0.458495629,0.496761788,0.790744809,0.724061969,0.968472657,0.631384479,0.054676018,0.327830169,0.693723223,0.830454562,0.60622843,0.503416995,0.715991968,0.938923719,0.908982619,0.460411758,0.747729413,0.762425387,0.650509675,0.477755205,0.921656894,0.452258958,0.795345191,0.289899202,0.106828279,0.357095075,0.047459763,0.664011141,0.211929267,0.442176132,0.195962395,0.095988687,0.76758263,0.957793078,0.210481768,0.217311604,0.393089701,0.225613026,0.553688223,0.709310759,0.148861031,0.76084083,0.489920282,0.492389012,0.015602508,0.555212013,0.970842331,0.108572642,0.821461388
0.131247873,0.585927955,0.501734965,0.59667837,0.97100847,0.079501059,0.176703102,0.377744833,0.57406064,0.63390539,0.661276486,0.924776263,0.352610253,0.869239194,0.684963465,0.525857215,0.192282575,0.413723167,0.813953001,0.603202615,0.373204837,0.834927957,0.667352015,0.970810184,0.371160541,0.253844938,0.633480963,0.090798446,0.737500317,0.325149411,0.516103834,0.47781083,0.055919354,0.332165094,0.507581243,0.993268878,0.827087981,0.642609623,0.323967998,0.775115679,0.153534274,0.435839935,0.474877352,0.09599049,0.432796313,0.926189905,0.53687466,0.621472873,0.876324081,0.401457306,0.559078972,0.290341848,0.858660394,0.209452576,0.861937917,0.251469269,0.791287177,0.926490886,0.880089923,0.150142142,0.224267871,0.852876962,0.936902971,0.545330196,0.934113965,0.533424514,0.798380789,0.567823723,0.642645255,0.276682233
0.638537715,0.90012311,0.585646411,0.899736753,0.27472948,0.621334441,0.249831791,0.806617459,0.511135046,0.198281797,0.871816635,0.767615824,0.931703103,0.463939887,0.587413728,0.473718229,0.930437468,0.022328262,0.917814638,0.852734224,0.14184894,0.934167032,0.298633026,0.99802393,0.508389789,0.30652048,0.112058727,0.831542133,0.963959009,0.41339112,0.319221875,0.705388622,0.400374095,0.580355624,0.12097819,0.664351937,0.373530997,0.252020072,0.377258001,0.005940613,0.267018783,0.833060662,0.947100197,0.055988752,0.739390139,0.608290707,0.976463972,0.100525774,0.597691737,0.594257048,0.523082628,0.843458766,0.034394191,0.732118656,0.345973119,0.514775105,0.694502834,0.480724358,0.589505599,0.116161589,0.493204481,0.688010986,0.093738062,0.685413905,0.492389275,0.071965985,0.405455122,0.688126527,0.831443659,0.470434508
0.534103522,0.712810886,0.499238735,0.219724772,0.994459397,0.150986529,0.715894007,0.920035948,0.31054835,0.524294532,0.454646417,0.122077005,0.213474864,0.412638655,0.052643014,0.165761489,0.141995973,0.164777923,0.491442176,0.262185267,0.472833435,0.306680476,0.279692467,0.075167632,0.775248016,0.304154512,0.631870307,0.315313904,0.073327632,0.16870961,0.640627579,0.096727421,0.871651933,0.150471141,0.529792969,0.194243182,0.213981038,0.902559184,0.732948412,0.897248737,0.505908754,0.687873715,0.202657095,0.249865301,0.565632246,0.553731312,0.508366486,0.342173504,0.432418933,0.213213818,0.395593002,0.425678999,0.204679346,0.176603189,0.594699329,0.015193604,0.108339954,0.240935217,0.891373929,0.950004352,0.495968938,0.455181881,0.231914392,0.221424426,0.252368547,0.671379726,0.672373785,0.693507471,0.052967628,0.81359748
0.065670275,0.367448655,0.704977992,0.727398631,0.976627952,0.036950701,0.440179854,0.512425885,0.324348452,0.642730233,0.649474057,0.552000454,0.175259627,0.371989202,0.042511137,0.704274868,0.132424419,0.883610822,0.103768251,0.305094755,0.220483784,0.879581531,0.192654227,0.590404779,0.799153365,0.488713186,0.192141409,0.419207742,0.768377701,0.326312271,0.168409691,0.014277185,0.016463515,0.373799227,0.01519597,0.380079995,0.858127774,0.942320551,0.93112002,0.568565318,0.361573155,0.901673767,0.847233312,0.336247241,0.095091747,0.221231213,0.995674353,0.257358904,0.095872101,0.025418296,0.541404075,0.883747515,0.183110086,0.974719615,0.894690632,0.762360936,0.650872854,0.728484408,0.442798154,0.107399953,0.079286429,0.432478418,0.25165113,0.053046985,0.225444208,0.437010103,0.571733477,0.806880701,0.753199584,0.767017093
0.090187186,0.639048154,0.772967901,0.990241104,0.776344744,0.098316732,0.403611266,0.156871822,0.898887728,0.7164717,0.048350284,0.923140777,0.810765581,0.20568652,0.328326503,0.43303837,0.450150488,0.878575845,0.130362884,0.643974613,0.321038784,0.252943962,0.313082305,0.517617886,0.760197646,0.155601832,0.643519643,0.901861456,0.537681751,0.222232232,0.746405016,0.692006156,0.104247429,0.786903687,0.161621479,0.85681752,0.054796687,0.523081063,0.291738332,0.528394807,0.248002837,0.66142482,0.406296363,0.685271223,0.054470146,0.554091289,0.605289532,0.429884406,0.184116052,0.500774037,0.827897619,0.656029838,0.678135694,0.854077051,0.927863132,0.202298648,0.425814294,0.47088066,0.942571495,0.150813682,0.04489921,0.375169494,0.885606309,0.550398831,0.498207384,0.622814627,0.332171565,0.643299005,0.017580146,0.061644524
0.292558731,0.058074019,0.777838338,0.749076463,0.942336275,0.080980659,0.624946118,0.233070015,0.14264896,0.99392694,0.290092468,0.381717569,0.240904969,0.986932772,0.261332049,0.805205464,0.848043094,0.473238301,0.236600335,0.18095597,0.62288454,0.27467362,0.295009167,0.647263932,0.488900634,0.793704342,0.322353365,0.919340317,0.601789593,0.945965448,0.937321134,0.290594773,0.947134106,0.992762852,0.562864294,0.305962029,0.098684227,0.216538541,0.985991728,0.249327448,0.719268832,0.850455111,0.354226541,0.636308816,0.652929067,0.427093311,0.814440728,0.230948956,0.377192541,0.532820799,0.212635319,0.62607159,0.877125146,0.207504344,0.002974798,0.005881726,0.639349197,0.742128655,0.688121893,0.241527934,0.344866885,0.737612514,0.379363097,0.552188819,0.149273497,0.960183691,0.794894281,0.005145846,0.863851412,0.910562526
0.541708496,0.275503358,0.365234801,0.033936365,0.506223848,0.08148549,0.454949687,0.349839436,0.87561907,0.707485124,0.354252897,0.21834771,0.565117288,0.091011548,0.499249746,0.637890457,0.258138552,0.028886839,0.817546454,0.517977274,0.831271781,0.357054632,0.226933634,0.995091872,0.952853321,0.781930951,0.564445935,0.990380947,0.337846703,0.33688637,0.14566497,0.055800117,0.971142401,0.313539644,0.29104707,0.655334538,0.492590483,0.844162131,0.517716931,0.275278014,0.346432762,0.324555842,0.326745589,0.4745962,0.749668131,0.653777109,0.984259138,0.441676464,0.866878237,0.43983417,0.683363581,0.19580468,0.401180633,0.617489956,0.192433793,0.951266066,0.094043836,0.577899402,0.314008954,0.282766531,0.343087101,0.598597965,0.605358324,0.397302706,0.090297323,0.69517983,0.415654888,0.389348435,0.760469102,0.914676653
0.19110298,0.344538749,0.69066579,0.412900146,0.33639617,0.803485949,0.551615265,0.127758937,0.977786902,0.671930526,0.939101468,0.668445098,0.339378231,0.535569157,0.931957501,0.297890807,0.669964469,0.603733348,0.10094141,0.870364137,0.141990718,0.460962707,0.552074883,0.800946464,0.000257822,0.405431768,0.855887683,0.648262063,0.704159595,0.213284121,0.498893967,0.854323765,0.877528809,0.250265599,0.502591768,0.059871082,0.35201471,0.981965651,0.197699479,0.654197223,0.029141243,0.710101329,0.580754025,0.070574833,0.876835534,0.54404465,0.912849652,0.709290104,0.949571099,0.013238996,0.774387397,0.875158745,0.682804731,0.83927198,0.823655738,0.59658366,0.049181773,0.062811584,0.970232727,0.140458791,0.631690187,0.402075389,0.434186059,0.498394158,0.035372046,0.754161332,0.290768519,0.607082326,0.213750005,0.686345379
0.160020351,0.556895467,0.180056113,0.551329222,0.411974639,0.961033002,0.761572515,0.163242008,0.036878607,0.591496268,0.418119303,0.067675484,0.981332353,0.322910384,0.588546249,0.15256757,0.111552206,0.098011177,0.573841886,0.44435496,0.999483668,0.974096656,0.950229641,0.077819217,0.415024081,0.293492784,0.67550189,0.144879347,0.367317996,0.703382126,0.153365435,0.803886511,0.795306542,0.961195118,0.484427276,0.42450003,0.876987875,0.117354903,0.745898171,0.988794585,0.602456163,0.075601506,0.032934231,0.707778914,0.154591838,0.392263222,0.142007714,0.995275673,0.170675321,0.291278623,0.056831301,0.991854639,0.753157797,0.986886717,0.423939149,0.718445249,0.052958897,0.610630845,0.962686475,0.444861937,0.0151142,0.651033353,0.850052124,0.692476817,0.700390962,0.110860489,0.654273686,0.217401103,0.273720084,0.510801914
0.05720391,0.345653849,0.137725774,0.32468526,0.837203835,0.889155673,0.938559111,0.324590976,0.697869968,0.966285952,0.368798571,0.890666504,0.091205512,0.972517238,0.5364518,0.496358284,0.144217457,0.641598199,0.845097568,0.801665371,0.539126141,0.201420538,0.102278455,0.668699553,0.724028257,0.720811201,0.942809531,0.81290358,0.952781035,0.888032528,0.231212568,0.744058047,0.080765938,0.221973631,0.211728514,0.61238848,0.708217333,0.117092504,0.431197611,0.99116422,0.651327963,0.725039899,0.742256441,0.311959447,0.758955081,0.835374331,0.734128723,0.810728589,0.209722845,0.947169091,0.915003731,0.324933575,0.723096965,0.471191054,0.243892186,0.99657133,0.325054145,0.587237025,0.951828657,0.930056972,0.151598688,0.171872499,0.816552367,0.132032785,0.211869469,0.900137438,0.638099069,0.833176385,0.466848015,0.964230059
0.365498544,0.828861245,0.862890243,0.452801961,0.848636078,0.425228563,0.829360708,0.762918356,0.61369494,0.086458547,0.815661215,0.711832865,0.038638112,0.753455599,0.104343334,0.549717304,0.362519418,0.688874691,0.973733368,0.289911381,0.572718167,0.231225567,0.100654779,0.465687993,0.367365045,0.203321214,0.174746386,0.294576252,0.168896027,0.408397588,0.803417773,0.321622608,0.889237666,0.868277165,0.885961595,0.631392747,0.104111491,0.076593292,0.486203422,0.549713312,0.539799603,0.267394914,0.712582634,0.418429199,0.791807783,0.978630791,0.884610916,0.334126101,0.413695645,0.202385043,0.809232818,0.564242887,0.748768608,0.276423418,0.698287107,0.269064725,0.533572208,0.568230422,0.50100864,0.607654023,0.531154111,0.558792632,0.730350972,0.70021581,0.155441168,0.323552536,0.429878314,0.296679441,0.304138226,0.183486481
0.335742108,0.601706406,0.298066898,0.891517555,0.178687119,0.488113559,0.329265324,0.214110237,0.846611214,0.3257319,0.119219458,0.720177023,0.344988813,0.391989247,0.610582985,0.979411904,0.946553561,0.945381355,0.281830203,0.023974654,0.189088751,0.664846893,0.707926374,0.827419045,0.093415308,0.96537821,0.333818887,0.422837745,0.742996598,0.256883068,0.880300743,0.799778145,0.686114872,0.836489876,0.520954235,0.006839759,0.681175111,0.688291995,0.752740423,0.578251159,0.129720598,0.226029997,0.313018887,0.690556138,0.239746586,0.713897109,0.513895629,0.537618374,0.302299695,0.461270344,0.893192646,0.664781101,0.692366894,0.374941583,0.191562003,0.150570734,0.944197727,0.460346566,0.706165872,0.323466334,0.485733669,0.47398563,0.110072046,0.838224917,0.96805846,0.104649105,0.838921112,0.188005562,0.992443763,0.906635467
0.228801322,0.443295334,0.269466015,0.512050236,0.824941808,0.457994017,0.833377297,0.5331006,0.141698429,0.442407312,0.986331075,0.94774149,0.057182891,0.162738908,0.644199491,0.387733816,0.460934077,0.944326849,0.215471028,0.520732627,0.225133689,0.061751395,0.833538379,0.86449677,0.775546169,0.236046932,0.372903015,0.927504538,0.371056214,0.870410946,0.688434133,0.255153886,0.600639184,0.934398817,0.624518842,0.029451868,0.999188625,0.474210727,0.412447475,0.603313507,0.583326162,0.211771439,0.788887986,0.545888843,0.112046848,0.801802226,0.96735172,0.518767198,0.112893775,0.277247552,0.914066171,0.451286995,0.555942149,0.482073886,0.120211157,0.271085836,0.749508478,0.003426552,0.683907102,0.757731016,0.019539898,0.085243842,0.039895104,0.729436522,0.965990641,0.677175037,0.173453381,0.281264762,0.373636338,0.451320459
0.687880509,0.91931765,0.462613997,0.583995693,0.293008213,0.300016527,0.791785976,0.219211616,0.478547915,0.53232942,0.636133762,0.750593,0.859906469,0.126501122,0.228457256,0.633853277,0.314750213,0.593335854,0.269835516,0.764980805,0.671198815,0.034256325,0.694651746,0.072751145,0.961553997,0.441185862,0.884991546,0.754093613,0.532809864,0.011553586,0.976708816,0.599520813,0.787167822,0.007973003,0.408420605,0.591531325,0.788407376,0.052337483,0.531752482,0.92407177,0.648476531,0.849142989,0.558083473,0.444377296,0.730061881,0.534661194,0.663981657,0.429055277,0.033837357,0.400174946,0.354606481,0.987972676,0.443519567,0.992278843,0.636192404,0.924963711,0.177887468,0.937357315,0.59450733,0.907026488,0.104621469,0.122189674,0.595642814,0.03984015,0.476589912,0.750942625,0.249513113,0.153679121,0.85981304,0.497179179
0.906369072,0.944798769,0.16415284,0.582918332,0.674452243,0.623866442,0.819458015,0.912484339,0.604696988,0.981650403,0.671285355,0.568562587,0.671830098,0.706077958,0.183484625,0.564243186,0.384673187,0.112545181,0.481102689,0.400145472,0.383315838,0.273549696,0.179866161,0.677008196,0.98860692,0.494847932,0.739805454,0.899071411,0.205671595,0.978140219,0.943611792,0.537127433,0.469782552,0.925307178,0.463811468,0.969804208,0.120801364,0.108537861,0.794882915,0.792972981,0.033059559,0.731115081,0.018179728,0.96971154,0.246017457,0.71361052,0.002023161,0.218493642,0.931485525,0.615622068,0.722559876,0.410643741,0.243255084,0.950717211,0.058368691,0.977451138,0.129920395,0.698368458,0.754904744,0.258747609,0.515903937,0.599879952,0.945983905,0.838716813,0.047088498,0.177595642,0.835766,0.58145698,0.400805146,0.179728606
0.628898717,0.009627148,0.079837113,0.740556249,0.256357857,0.864598278,0.110281932,0.953954577,0.86110728,0.125206098,0.152279822,0.854804852,0.359084346,0.335614903,0.858473239,0.83935107,0.39881743,0.955540925,0.857889905,0.716337232,0.31864095,0.367981848,0.743783368,0.177077216,0.96855962,0.957247216,0.052624608,0.385843474,0.899764475,0.9378991,0.077034527,0.088923729,0.095288168,0.437647043,0.968750682,0.954682021,0.691360432,0.177315469,0.805159728,0.118146093,0.731289225,0.271031531,0.780596548,0.421849381,0.688424628,0.421008187,0.415621184,0.702847482,0.149620247,0.015768155,0.520449262,0.0457684,0.659617062,0.038781851,0.867041018,0.603164382,0.791550389,0.355832871,0.544801198,0.927463163,0.955101397,0.930752568,0.501538716,0.392295069,0.309292425,0.533662075,0.9647565,0.78759973,0.571603954,0.932527989
0.70562541,0.769060596,0.018037478,0.419707317,0.867759846,0.778296277,0.403688691,0.356099592,0.598614084,0.442974076,0.130784254,0.065971891,0.573514343,0.167335501,0.314036239,0.379071905,0.004083652,0.669665459,0.741219702,0.022576115,0.517872122,0.126294871,0.874986226,0.717802061,0.409030641,0.550777202,0.588555048,0.655960196,0.043668321,0.388046025,0.808181085,0.655539903,0.834029815,0.803542184,0.203467678,0.451636004,0.592687387,0.336986535,0.063502947,0.804382662,0.352947531,0.55538007,0.396247364,0.680336882,0.671513248,0.796128216,0.457578076,0.675494236,0.076219902,0.750420445,0.401574036,0.212999284,0.35898125,0.912396061,0.461619677,0.948486525,0.635329949,0.606578439,0.691409268,0.26261317,0.958968716,0.905190269,0.547789818,0.29363571,0.281127189,0.520529525,0.76401146,0.233937652,0.203003596,0.407343132
0.922608068,0.263852049,0.931110122,0.517181115,0.564963528,0.398913784,0.839351463,0.505799028,0.373232154,0.285238269,0.276090815,0.57495224,0.992856505,0.80221706,0.409841686,0.290987877,0.245030829,0.707549957,0.747195297,0.112675271,0.038148269,0.766125357,0.559200792,0.735953598,0.312542967,0.544353979,0.728179626,0.425512617,0.01177494,0.848017857,0.648160343,0.355626228,0.895108533,0.710458548,0.264017125,0.095617702,0.512888486,0.884623019,0.392945418,0.220167955,0.987717115,0.522048583,0.641597355,0.493514083,0.510628826,0.695624393,0.263337831,0.807722117,0.381264844,0.302527967,0.886653036,0.945780291,0.030779696,0.054911587,0.432328525,0.483279536,0.840815057,0.313778321,0.849240213,0.613372031,0.292924495,0.023214642,0.825042464,0.424226163,0.466937127,0.912623524,0.011473407,0.093774289,0.460193241,0.325568031
0.17981951,0.199665683,0.428716097,0.905922471,0.271612794,0.729128534,0.551712865,0.95468479,0.605382538,0.365146371,0.761164832,0.451670175,0.205547209,0.851649773,0.291266067,0.361995051,0.236282814,0.102204058,0.397115012,0.292160782,0.012011652,0.838449317,0.412843264,0.429570074,0.836085874,0.127945132,0.2650847,0.525615097,0.391513589,0.208960249,0.564036437,0.246680824,0.5030771,0.040167656,0.72394104,0.994544502,0.081492599,0.353778473,0.753061634,0.47506199,0.303463501,0.509103607,0.218639147,0.71111407,0.314259923,0.571950351,0.019827717,0.753527659,0.640748188,0.681456955,0.430655546,0.156466461,0.390694449,0.924073322,0.06586057,0.174571321,0.805068977,0.686079113,0.80688832,0.371422116,0.550500933,0.716364934,0.303410402,0.061587604,0.699937667,0.404941255,0.013510811,0.529053196,0.830645078,0.50813803
0.290362798,0.720691982,0.171482253,0.804798169,0.302362766,0.526626998,0.370180606,0.270969103,0.056021744,0.118466049,0.868417657,0.242013219,0.38765203,0.194454354,0.00921272,0.133050271,0.941793246,0.862592108,0.033544672,0.844321151,0.711330116,0.038713273,0.299891161,0.696487714,0.40753552,0.935481341,0.879063523,0.015367139,0.47755168,0.747616522,0.948554167,0.501486669,0.791350941,0.736553506,0.317049437,0.621064337,0.272922801,0.434336024,0.411261731,0.043464795,0.872018681,0.476878127,0.722683008,0.796925772,0.23366472,0.694958276,0.247385823,0.942365012,0.944621276,0.301296104,0.53899311,0.551834043,0.310991601,0.243237454,0.360898733,0.138209779,0.88827613,0.855854788,0.946412645,0.548466398,0.722055767,0.912375834,0.807522681,0.878308252,0.647806322,0.986649429,0.010096473,0.741117769,0.887388724,0.715153144
0.184647804,0.676920865,0.955419908,0.944975935,0.29461304,0.482290968,0.302091098,0.105652343,0.80337304,0.868714899,0.455863661,0.446304489,0.69679022,0.861971985,0.434379273,0.89358058,0.956063499,0.845190774,0.867716419,0.375186806,0.401275466,0.701113524,0.433665815,0.283230617,0.96626422,0.191034393,0.681935591,0.673253911,0.88274608,0.389432347,0.288266781,0.298567703,0.039546952,0.671717708,0.885851391,0.264209985,0.599264434,0.328544864,0.462269539,0.50426151,0.515031332,0.788539698,0.001081691,0.354738484,0.346655874,0.999340203,0.391822966,0.64579415,0.592525306,0.265826675,0.018748466,0.622385652,0.121258877,0.588602869,0.423915375,0.895156573,0.09029197,0.082762589,0.629794131,0.074943677,0.468419617,0.614412558,0.435454734,0.422277684,0.8595844,0.034244173,0.827672697,0.01949187,0.130597938,0.690057799
0.351815297,0.791503753,0.786642196,0.650327034,0.551820507,0.79182621,0.286705833,0.482033186,0.917719531,0.353515937,0.931414931,0.659537893,0.779830208,0.513073961,0.796485102,0.646007584,0.131655792,0.656612833,0.638711999,0.365355012,0.574198809,0.667813703,0.661790392,0.720016922,0.694602471,0.030628762,0.424674015,0.477080685,0.367706301,0.252980011,0.332657826,0.352095846,0.275945435,0.103756809,0.292734053,0.534350644,0.681752569,0.521495077,0.065060106,0.850914798,0.541674542,0.885193091,0.790308354,0.020791026,0.74232321,0.228330309,0.454630477,0.705040042,0.348202271,0.51176958,0.077803729,0.801241665,0.717865719,0.514241748,0.993166016,0.497623986,0.554815795,0.366238257,0.410459664,0.949089436,0.113216115,0.961231721,0.655488414,0.196741638,0.155362547,0.118786044,0.182723661,0.258338982,0.49298086,0.484668933
0.693999285,0.171905475,0.23421713,0.717416615,0.137200284,0.654125878,0.386205349,0.617726535,0.275763205,0.724459574,0.121408613,0.187868952,0.923121735,0.523805152,0.812230513,0.790858386,0.992683046,0.017505598,0.685825464,0.497389014,0.490243604,0.389497561,0.367658841,0.940872255,0.934824548,0.935689777,0.194956167,0.981636343,0.762826014,0.117518037,0.325398557,0.941119719,0.50885937,0.168705504,0.991839503,0.639256744,0.762566995,0.008036836,0.186517054,0.686367006,0.8322768,0.138349662,0.813968306,0.527266483,0.807437374,0.017207034,0.056767008,0.715983326,0.924852878,0.764677526,0.898524251,0.033507086,0.787374,0.589931918,0.581609068,0.088894408,0.795768575,0.602662852,0.856115252,0.399921878,0.616243788,0.744990993,0.750357167,0.90553109,0.296434696,0.696826101,0.318929989,0.094654559,0.745991925,0.029696417
0.271315145,0.271010846,0.28727225,0.05003257,0.020155038,0.27206507,0.612402681,0.659778074,0.652373936,0.342200388,0.8739752,0.04967993,0.835377644,0.568712414,0.71060499,0.870842379,0.348719139,0.054091358,0.60898198,0.584762229,0.136582007,0.990805059,0.793774045,0.801902307,0.764506357,0.885342825,0.556220891,0.706022307,0.445712161,0.062532363,0.969907935,0.461707066,0.111390629,0.277793826,0.990955882,0.177742771,0.83963407,0.827541599,0.04520014,0.581409079,0.700998949,0.890512402,0.153195746,0.287979667,0.623627781,0.230133711,0.141240083,0.742251814,0.711965471,0.738664055,0.1589536,0.692452392,0.123808384,0.256190466,0.1214424,0.281200887,0.485349726,0.456652551,0.853482223,0.815480367,0.063769894,0.290521014,0.304328996,0.771889711,0.424818066,0.023530668,0.364204697,0.753832433,0.149435089,0.780629389
0.742529484,0.048472216,0.861664384,0.280653446,0.202406226,0.111444086,0.383319959,0.047518622,0.768196053,0.208148248,0.410950037,0.660065021,0.946507582,0.424180787,0.952982811,0.387042135,0.170737461,0.610384873,0.013711665,0.485146197,0.785862045,0.927665444,0.75920645,0.066173584,0.136281265,0.167218444,0.948877475,0.548599369,0.422382538,0.249072816,0.932826116,0.776163641,0.569818668,0.363829718,0.936102988,0.873757919,0.537068332,0.358016081,0.765034936,0.718266983,0.003690672,0.546681451,0.467185486,0.065414006,0.643506907,0.312450267,0.797219745,0.68054694,0.794420126,0.322410936,0.82064239,0.830630712,0.048448088,0.586398627,0.185129506,0.565727062,0.639838728,0.174199358,0.273065348,0.600541732,0.319975539,0.782838181,0.156997484,0.488096901,0.969601892,0.070241712,0.228967077,0.819116572,0.954610796,0.092842895
0.870619377,0.56962045,0.078346934,0.495429687,0.006671244,0.437226014,0.140906254,0.269274579,0.94328185,0.827401057,0.974962206,0.481631765,0.560220116,0.353481205,0.832612273,0.040430508,0.474134811,0.819398623,0.596190412,0.0989412,0.140203665,0.879221195,0.970953814,0.137726647,0.642381541,0.722567817,0.896810276,0.09040153,0.625138966,0.509798257,0.426220326,0.283100358,0.035442802,0.70506575,0.799755144,0.472791451,0.74863452,0.667099257,0.704784811,0.184866004,0.110125384,0.387903469,0.01413656,0.247403345,0.599881268,0.087818802,0.117013162,0.615967638,0.668451588,0.632591571,0.52864923,0.627872227,0.375631541,0.253296888,0.393390071,0.178533479,0.230163418,0.234105563,0.38623284,0.639255253,0.402343534,0.881331812,0.627580565,0.896896413,0.134788553,0.877018247,0.056664922,0.595530941,0.130713078,0.464517025
0.415320232,0.782086121,0.197497865,0.508362651,0.143250495,0.796380403,0.597992963,0.436443867,0.572024046,0.810996757,0.823760694,0.835610886,0.702412254,0.505744044,0.538808967,0.307449244,0.222292344,0.070930371,0.317598101,0.538591521,0.424271392,0.868002664,0.716375296,0.774781024,0.081964721,0.154856658,0.059270374,0.633721981,0.365063044,0.323125004,0.530170464,0.952795107,0.869632024,0.866038909,0.057473894,0.989484416,0.093828392,0.723656891,0.635747557,0.596686533,0.267871791,0.607941617,0.824341681,0.137050268,0.055239309,0.062476586,0.253291923,0.731511829,0.310750484,0.588665814,0.781542046,0.175059059,0.576805009,0.927659012,0.155821281,0.922528932,0.610009748,0.459312227,0.346769372,0.931129247,0.547131565,0.250733715,0.765055611,0.518253915,0.289980769,0.433087761,0.741228842,0.97669337,0.723457301,0.596877864
0.708910626,0.950823288,0.810467887,0.853091256,0.545487396,0.240831741,0.532026657,0.882668327,0.016512018,0.807266312,0.762945978,0.231244907,0.907010446,0.652454283,0.620753664,0.320772674,0.928320432,0.623383337,0.097890432,0.323836701,0.721558857,0.914603695,0.346632341,0.999598551,0.809357733,0.476481326,0.265601437,0.50782154,0.993979956,0.467670389,0.093263924,0.364335836,0.706839056,0.618575882,0.699091386,0.584619141,0.648287586,0.516841113,0.111244449,0.250774028,0.92655676,0.057272916,0.924311292,0.590117717,0.123620293,0.248844366,0.293112011,0.175925301,0.467511081,0.410617894,0.70410223,0.374280252,0.186292285,0.701948715,0.303464882,0.92396564,0.069360044,0.925144431,0.410940622,0.527317971,0.609239455,0.775971217,0.410679177,0.714821675,0.799046952,0.004547243,0.069677983,0.154057857,0.116551042,0.628860333
0.490996297,0.298547432,0.066666434,0.893917252,0.394607649,0.619647308,0.527573621,0.755893911,0.988483667,0.650290836,0.461576029,0.073958535,0.615628832,0.204176177,0.613790512,0.10194234,0.905688095,0.260658226,0.6024768,0.269531718,0.406280405,0.736175904,0.518468279,0.722234333,0.258849229,0.544629472,0.548883127,0.654242602,0.513236372,0.539858136,0.337598085,0.769986629,0.891574052,0.832995356,0.182304551,0.052315197,0.258221928,0.023472151,0.512636897,0.817406526,0.601085027,0.805205504,0.080914613,0.564722493,0.004311952,0.465363385,0.781794763,0.508917505,0.621043167,0.325963748,0.292042548,0.215098552,0.130751706,0.846593675,0.134803644,0.982824796,0.598555677,0.009062962,0.906276372,0.746027015,0.227618981,0.065351668,0.409557672,0.443979191,0.487144649,0.526265765,0.226858791,0.385129613,0.926507926,0.496506269
0.538270009,0.546974316,0.655898587,0.680206678,0.023686824,0.910159055,0.165924835,0.855481527,0.125196391,0.64867135,0.636588462,0.831928783,0.517563192,0.674918162,0.732809919,0.874379226,0.183358619,0.310185399,0.581894414,0.111123878,0.339756948,0.343335672,0.685241564,0.32442779,0.809130088,0.06008435,0.399311004,0.234037509,0.844340515,0.098436728,0.194894082,0.825688435,0.986594035,0.270824984,0.770792483,0.503524124,0.840594085,0.447598953,0.176574326,0.650813701,0.732123648,0.628382171,0.442215224,0.855429814,0.622885223,0.961403642,0.611217443,0.397314319,0.820013636,0.00247517,0.626744482,0.771936874,0.981581155,0.573649743,0.858236413,0.818259054,0.714008903,0.429558706,0.851611151,0.044368812,0.114148196,0.723452278,0.704530039,0.118190629,0.743517292,0.295808924,0.786682767,0.856608987,0.252537288,0.168436259
0.036997093,0.697882862,0.212866189,0.038411917,0.446067178,0.477273667,0.81470005,0.699990338,0.149391529,0.835481184,0.162965394,0.571203472,0.816504047,0.836146617,0.144224567,0.134621585,0.129191768,0.378263241,0.327870363,0.823225077,0.676800434,0.756156704,0.91596739,0.474116005,0.710075389,0.35594879,0.849642205,0.297942152,0.329465648,0.595747376,0.774079833,0.859277859,0.668539314,0.812594614,0.405537865,0.342931853,0.33924549,0.253687191,0.724666842,0.541298024,0.132404151,0.904591049,0.031503147,0.782482756,0.083247125,0.691645516,0.597726911,0.201649092,0.578934874,0.173508393,0.346092111,0.36734129,0.843533716,0.288386188,0.913215852,0.758288588,0.483649186,0.224065832,0.445635382,0.461623243,0.815805616,0.224901948,0.103381759,0.878281596,0.014675691,0.672255363,0.898295898,0.715936627,0.26555205,0.075622794
0.284944091,0.725914752,0.417614882,0.852329307,0.096863082,0.891855602,0.891868211,0.786877449,0.378065048,0.953780166,0.806313481,0.903306337,0.786176647,0.30282174,0.981098786,0.545570465,0.210538441,0.976618336,0.947750971,0.87283124,0.159581492,0.709269431,0.23792128,0.515349145,0.819722717,0.063547797,0.574313425,0.231846979,0.419177577,0.686877108,0.641645283,0.745669775,0.94118226,0.046521696,0.646018722,0.993198308,0.303319842,0.704258042,0.046509231,0.243731917,0.204361005,0.846161536,0.482684539,0.448130204,0.458167349,0.183247875,0.302493141,0.38529927,0.62144199,0.079181857,0.787660365,0.786761032,0.053300707,0.778358425,0.186675423,0.085772952,0.795049934,0.142603505,0.691949648,0.625625814,0.871691428,0.694932583,0.027841717,0.815957254,0.076960937,0.491207535,0.715684806,0.133714276,0.189345896,0.634184365
0.747801456,0.862669287,0.139389789,0.035337751,0.448336845,0.784065728,0.379802712,0.413040558,0.54894971,0.004761761,0.027719692,0.543654015,0.45429689,0.600634528,0.893503046,0.245726814,0.827590392,0.061462696,0.624782286,0.467117538,0.020881857,0.860024776,0.584005711,0.372723569,0.920803602,0.059091606,0.379797877,0.831880825,0.22473744,0.017548134,0.405788666,0.92265858,0.508417597,0.174763875,0.888385959,0.667960089,0.062001032,0.514458534,0.982509666,0.545698929,0.195848467,0.688185676,0.20565522,0.752490839,0.608016241,0.315758024,0.455022555,0.926189909,0.627134282,0.986009452,0.027205622,0.457041226,0.851593916,0.71848628,0.092627838,0.910492061,0.30793751,0.210049736,0.96405123,0.154042667,0.728926302,0.388122409,0.049274722,0.522923983,0.547745657,0.55366355,0.055671294,0.885226574,0.111095008,0.577792644
0.445760036,0.024285952,0.340582458,0.150351913,0.237509725,0.857273349,0.73979064,0.789477552,0.398002531,0.799856972,0.469436828,0.568745018,0.824031386,0.673343564,0.978900939,0.891461353,0.898912428,0.123884543,0.692283374,0.607048494,0.316573482,0.105707829,0.73071895,0.257515338,0.629900874,0.994371213,0.844628088,0.621586889,0.130907896,0.356263256,0.130355274,0.510250641,0.215175246,0.232347844,0.347548682,0.437598542,0.769430401,0.993207023,0.845613627,0.118110971,0.846469787,0.417622853,0.21989913,0.698454742,0.301636231,0.44309198,0.923026085,0.930897421,0.392350427,0.84368362,0.374842269,0.336892569,0.355363723,0.879603594,0.915772536,0.536104337,0.327081044,0.869610571,0.80447862,0.469065851,0.729729901,0.269886565,0.25944324,0.671633912,0.029952088,0.870216714,0.803676881,0.41694433,0.639377263,0.915208127
0.476116309,0.079032541,0.034897053,0.459089855,0.754066206,0.961181171,0.24354851,0.157177751,0.720805507,0.406551828,0.541261717,0.506004435,0.999669106,0.607757863,0.216120416,0.884082758,0.541523832,0.982374687,0.478973035,0.097954509,0.755469837,0.532566229,0.00108427,0.894719897,0.217326127,0.24555323,0.42552374,0.005420171,0.059743188,0.470976012,0.698277474,0.223443628,0.658215355,0.098362188,0.294906332,0.120628258,0.093084401,0.736319727,0.263964642,0.530550614,0.087271508,0.515350892,0.61139754,0.628802187,0.042419883,0.129169915,0.694126576,0.918657802,0.07991208,0.610578363,0.393613485,0.013152304,0.164495748,0.730678898,0.603532097,0.524790704,0.109139644,0.689613348,0.801185521,0.702008996,0.100091612,0.131935568,0.404992231,0.010562001,0.659582384,0.280445381,0.033435033,0.948360009,0.824289766,0.148234821
0.332291345,0.267679205,0.164386991,0.913006527,0.850305499,0.233534909,0.652556175,0.186668694,0.113827451,0.023429191,0.308055779,0.670342125,0.85126548,0.239047105,0.005148174,0.602847719,0.012543481,0.77126647,0.384593142,0.343684158,0.176541944,0.375642697,0.370471103,0.133825476,0.285533615,0.34395486,0.98748284,0.538908317,0.190665438,0.247182461,0.738283726,0.128898216,0.075222885,0.501567309,0.29014236,0.848105846,0.07815221,0.879179638,0.434456578,0.971137334,0.679553773,0.581797388,0.071298725,0.491041764,0.957153902,0.252593636,0.220685879,0.042206204,0.733591761,0.056161387,0.213329113,0.471013293,0.880641891,0.390174375,0.193319945,0.682586465,0.304765304,0.76363605,0.847164958,0.649209903,0.279690317,0.343573781,0.583565798,0.709784094,0.366601686,0.136112279,0.642816078,0.204946648,0.894210601,0.877825902
0.528705368,0.845809551,0.595994569,0.188354493,0.133902531,0.344665617,0.239234818,0.026867334,0.855185091,0.982126632,0.098332614,0.487803095,0.834725644,0.027755358,0.681303121,0.18784679,0.84390287,0.451248843,0.240749211,0.402333844,0.379912407,0.735256024,0.721109725,0.739989005,0.873338706,0.075169165,0.865894893,0.116026823,0.357005443,0.237523869,0.271816636,0.528994557,0.23701,0.303769621,0.755144773,0.161526873,0.038596862,0.395207756,0.477575234,0.97652645,0.584234171,0.448149786,0.900324329,0.011400034,0.358391999,0.825667663,0.848987661,0.638293635,0.635368963,0.510189104,0.454957076,0.947080042,0.623588507,0.679995005,0.898622634,0.642336581,0.875392857,0.165428056,0.787361682,0.813012839,0.051666536,0.022922882,0.001375891,0.97563843,0.168044254,0.505592521,0.135331235,0.62425581,0.100278047,0.990121397
0.071038879,0.357459531,0.794694686,0.177658483,0.142033966,0.544545251,0.035250269,0.324376528,0.637091374,0.385963578,0.615626194,0.082484605,0.73452723,0.622128838,0.913943537,0.320475335,0.45666864,0.562124206,0.790121013,0.109710629,0.880038047,0.486682913,0.833134495,0.383262811,0.349475976,0.609543977,0.951946993,0.17241082,0.387768279,0.314591082,0.698888488,0.418828212,0.424680777,0.482377354,0.222529393,0.065079878,0.761629991,0.3851147,0.01588757,0.121923176,0.806319847,0.271636604,0.9220877,0.060498584,0.625638878,0.614153229,0.215974787,0.664236765,0.232862076,0.038126521,0.987216457,0.47742508,0.531218808,0.747418163,0.603950888,0.311645195,0.400687974,0.179864455,0.977808835,0.923811614,0.200832922,0.498368607,0.007776261,0.621444046,0.178617324,0.23753493,0.970307419,0.091789878,0.253553358,0.815406114
0.301542771,0.717862796,0.706012127,0.205621288,0.172334553,0.623625602,0.679582082,0.166221662,0.648497329,0.745925796,0.79749576,0.343379282,0.663898178,0.559369925,0.417046269,0.758775494,0.75386934,0.302109445,0.414344916,0.719253163,0.335715415,0.789947228,0.12763802,0.569399341,0.876000075,0.741461985,0.359134686,0.1547226,0.984570937,0.699548408,0.738425188,0.995298566,0.247759017,0.409407642,0.413440346,0.0412987,0.065314435,0.902560381,0.029921768,0.339759133,0.357405955,0.554491728,0.146196657,0.817665039,0.465344885,0.852845492,0.220427246,0.95398124,0.391667701,0.818794839,0.163778774,0.607011691,0.422541519,0.143105862,0.976338792,0.636333711,0.172170098,0.948182152,0.843673575,0.199154681,0.394713578,0.24614273,0.331523327,0.077791615,0.400229544,0.85866471,0.937282346,0.226888958,0.428663353,0.668738068
0.05060707,0.284783573,0.050797524,0.301104524,0.218787586,0.113364943,0.149428101,0.430885428,0.806025997,0.94949249,0.765494252,0.170068344,0.671857729,0.754231891,0.63211444,0.367183243,0.95741199,0.383789066,0.779362509,0.410491405,0.015284935,0.784485421,0.31419817,0.856187047,0.610193038,0.701589655,0.41467057,0.558336318,0.324842587,0.182849179,0.504315215,0.811160034,0.470959725,0.015583165,0.866745695,0.363652815,0.084609703,0.775190425,0.466960913,0.145136549,0.472908724,0.21725368,0.42171166,0.465467538,0.974874718,0.816985289,0.719537789,0.001302507,0.183900169,0.764155006,0.670558636,0.634019654,0.092390988,0.128960475,0.065579697,0.294374092,0.577758402,0.042136209,0.764405903,0.63483656,0.449684631,0.693700373,0.25514196,0.173740151,0.857321601,0.070057495,0.191073547,0.94691808,0.388424964,0.700247913
0.912164927,0.938960994,0.059616579,0.324554996,0.661588958,0.744379406,0.619801186,0.441011693,0.410051077,0.535103314,0.037830069,0.734039803,0.312502783,0.202656285,0.281335509,0.749559336,0.381314688,0.561622419,0.318946063,0.831136719,0.387478358,0.462901615,0.268483499,0.429452505,0.196339998,0.586349364,0.270043737,0.639655597,0.207621194,0.678212637,0.679593473,0.108329564,0.480208914,0.21510078,0.437540195,0.051939925,0.238068828,0.678622246,0.804303231,0.619415791,0.350333512,0.398960187,0.662508579,0.037484253,0.322105926,0.512306985,0.650087098,0.781468869,0.598588801,0.221603837,0.132879185,0.720349045,0.328595053,0.368754628,0.460641041,0.237064854,0.291619078,0.761766599,0.456529413,0.222010697,0.764671146,0.850946692,0.311643585,0.950323755,0.965762924,0.681691716,0.436267719,0.155413895,0.199336662,0.329684162
0.235987821,0.410811042,0.706009619,0.68346944,0.961353964,0.986026823,0.843691339,0.513343083,0.052647578,0.744402139,0.175925669,0.005691333,0.972825512,0.994756333,0.826354465,0.760228512,0.078539816,0.151136965,0.563558839,0.737844298,0.518556052,0.767613016,0.963480619,0.514022591,0.692141542,0.73739734,0.896018877,0.809196963,0.454392141,0.032455348,0.345582693,0.788558407,0.445274047,0.841100622,0.214051135,0.390890621,0.530037837,0.569759522,0.432872351,0.973965965,0.226042653,0.941319077,0.091613894,0.894999667,0.751358642,0.059665833,0.64654648,0.415951967,0.464840881,0.886753025,0.960925185,0.050365869,0.821548596,0.886686156,0.544248297,0.06935714,0.362735248,0.016287778,0.084409873,0.30302937,0.335714821,0.912721379,0.799238825,0.249698748,0.532859465,0.431902623,0.87137171,0.243526809,0.201994472,0.921213824
0.405012716,0.686981308,0.628901516,0.824491466,0.203993166,0.876368706,0.299256104,0.880401486,0.46008699,0.943365766,0.569671049,0.910733263,0.159223722,0.903014226,0.997189882,0.723933847,0.999289749,0.770847434,0.784709267,0.98599649,0.649230313,0.426736948,0.729424731,0.609855497,0.006723171,0.121035773,0.814556103,0.025049703,0.810305536,0.181307049,0.860661115,0.464606022,0.950452395,0.326736583,0.275670985,0.900368587,0.218927448,0.614334656,0.862184045,0.471802736,0.060516945,0.515524941,0.500667925,0.386911684,0.552521377,0.73981239,0.064615523,0.399165871,0.766841612,0.222023412,0.77304434,0.249214329,0.305394815,0.503471937,0.940987499,0.536304553,0.9861674,0.988428735,0.254609846,0.836637005,0.011690701,0.65730757,0.768518728,0.462791228,0.055271639,0.205467046,0.632322592,0.119184857,0.029262197,0.357998399
0.856991798,0.099122737,0.259650559,0.784391662,0.34749058,0.968888259,0.08578124,0.153299929,0.170218582,0.994346305,0.40994123,0.466605307,0.893992409,0.570880817,0.681420589,0.363576006,0.405744245,0.641770072,0.232778908,0.435261789,0.149600614,0.097446191,0.601038806,0.357430847,0.234963377,0.244034126,0.81383936,0.00319394,0.696334196,0.704102362,0.30499392,0.871288298,0.034575839,0.975738431,0.693069089,0.954288177,0.393522926,0.213980638,0.561118411,0.833337457,0.894587176,0.866573266,0.777127953,0.498264672,0.019018762,0.698949688,0.44976596,0.13026851,0.675987768,0.066452312,0.058694268,0.757690658,0.867301681,0.159425965,0.597007843,0.610037612,0.26091967,0.874578938,0.760387109,0.855352567,0.138449295,0.933328578,0.460870023,0.239006407,0.365352364,0.240512289,0.827866179,0.447912099,0.649916812,0.796503947
0.032967915,0.36939282,0.194601323,0.572658543,0.704479406,0.164122064,0.36172574,0.968453905,0.133785524,0.662113706,0.711887905,0.220211049,0.264666639,0.978627159,0.424985114,0.114010375,0.761383697,0.551210132,0.290753376,0.692685371,0.467968953,0.552382303,0.361451132,0.93507262,0.623660803,0.156774092,0.72957541,0.149101515,0.351676274,0.947148592,0.778634381,0.719189838,0.328663471,0.394085773,0.52141302,0.260125004,0.884262133,0.180512351,0.301723603,0.015100871,0.636940329,0.725391573,0.540666861,0.983275584,0.160469615,0.979653834,0.946115971,0.238066464,0.947052698,0.379829894,0.587197038,0.940784276,0.125056016,0.578076669,0.078219373,0.256584769,0.863710675,0.783436232,0.776923132,0.685066904,0.472804648,0.160280876,0.610237401,0.674067059,0.124040944,0.464529679,0.932034883,0.594137952,0.635074684,0.11203568
0.342199113,0.265867504,0.502681951,0.940026728,0.854539252,0.277993182,0.520959442,0.764931661,0.671807216,0.993550245,0.871679542,0.478537268,0.478950921,0.646288717,0.239347892,0.883362392,0.893837107,0.628189317,0.151344542,0.824672347,0.898556078,0.688362358,0.584019409,0.913989892,0.524090986,0.565704249,0.642229195,0.920225803,0.017720919,0.016669761,0.690386396,0.640676739,0.296625021,0.391601323,0.77565823,0.648259762,0.109878711,0.562897649,0.906867521,0.447064016,0.963540406,0.887307689,0.99330733,0.533128354,0.000518423,0.36407416,0.481888332,0.59232179,0.132488863,0.954229932,0.165623738,0.528273793,0.678952094,0.957970463,0.703336146,0.863272971,0.28391299,0.308737699,0.788740645,0.890703406,0.502804415,0.840917415,0.091440373,0.665070399,0.731613857,0.611044327,0.283566132,0.667715578,0.871722394,0.287953003
0.791225813,0.241096949,0.669159377,0.006773795,0.195551636,0.126842111,0.007484879,0.967115757,0.526692465,0.16617808,0.787436797,0.982571852,0.683860615,0.994347813,0.139556374,0.010237168,0.148651329,0.336346919,0.480757117,0.555468347,0.931759482,0.48447746,0.561797399,0.872813503,0.273322385,0.720953961,0.060095086,0.791026193,0.395990656,0.011213414,0.633362648,0.056611726,0.448545291,0.181901155,0.51146637,0.385425205,0.571495846,0.899275853,0.448937374,0.241854824,0.179228857,0.707293321,0.153208958,0.438880724,0.005798918,0.142596443,0.226051811,0.692372925,0.653083824,0.095528302,0.036473266,0.509704088,0.84979525,0.511935551,0.174996696,0.343062361,0.631286759,0.492073465,0.167588672,0.72557713,0.307177996,0.276430418,0.983669476,0.858373553,0.400645841,0.338324711,0.600978209,0.037021234,0.75813207,0.358248655
0.144235212,0.581343359,0.793388235,0.150312968,0.479466273,0.226596249,0.560699884,0.376297531,0.163514523,0.202159872,0.643322261,0.263904204,0.209560318,0.60877776,0.339078022,0.652943003,0.421017445,0.636776049,0.193418787,0.89817921,0.511705283,0.236573295,0.766598351,0.702407102,0.535707278,0.981752533,0.388437084,0.627964964,0.838754343,0.748392878,0.473454843,0.146217335,0.895590756,0.725599765,0.037064828,0.884455498,0.330318899,0.127120634,0.522904743,0.016733262,0.98598269,0.50916472,0.578547166,0.629525877,0.092761705,0.940020054,0.319058575,0.593387209,0.087976871,0.945902532,0.260901362,0.647621318,0.406167712,0.467323249,0.350666601,0.265748998,0.394728236,0.416788752,0.244459245,0.25287258,0.703307355,0.500047613,0.647524869,0.407477284,0.827432196,0.852791526,0.140586703,0.743786772,0.538839547,0.94640157
0.33433605,0.538144128,0.653876418,0.825812344,0.06545526,0.357632795,0.813201052,0.503575178,0.934989801,0.244054307,0.076712828,0.971634427,0.522035661,0.60325108,0.367851809,0.444595605,0.678387574,0.659414065,0.380511467,0.091983595,0.647085789,0.422625081,0.682732237,0.708068285,0.738706277,0.623346462,0.336783945,0.520342543,0.092703561,0.437529079,0.161693173,0.361838838,0.717970317,0.667235741,0.481004492,0.126191619,0.967533039,0.401076871,0.910381706,0.773558664,0.094404432,0.909112558,0.075989403,0.495447722,0.025411716,0.897389783,0.455188555,0.311078092,0.539723484,0.501381961,0.377133945,0.635530031,0.284548607,0.998082586,0.24467627,0.774711354,0.113485993,0.194094128,0.162099537,0.829667047,0.082140987,0.436745222,0.309996889,0.917294847,0.888511285,0.709001257,0.653861634,0.345026466,0.207082782,0.766011677
0.770268665,0.197046084,0.984724857,0.226063258,0.662827822,0.855992431,0.554782126,0.281095115,0.160952016,0.476139665,0.586039865,0.355395975,0.736136065,0.897110051,0.437875652,0.723446394,0.269996423,0.041555652,0.514955382,0.986022828,0.942776769,0.657525827,0.176317049,0.245718774,0.828751424,0.518375205,0.046132104,0.84790498,0.343639512,0.183443646,0.483436707,0.189672524,0.790899891,0.298089643,0.685622086,0.164254482,0.00887486,0.536476629,0.246720557,0.919764785,0.159705645,0.439165277,0.057389835,0.339293063,0.848674753,0.352222008,0.127238512,0.314921434,0.145381723,0.114074432,0.69925017,0.536770465,0.376092978,0.647723879,0.146973746,0.432554996,0.59360049,0.763737583,0.711085617,0.727921462,0.867589163,0.564463,0.773844834,0.651253783,0.867108999,0.356706513,0.832039011,0.032361928,0.228171629,0.849936295
0.555526043,0.884440383,0.624340093,0.484294333,0.284920151,0.084740222,0.956576238,0.150602721,0.584764461,0.779557284,0.825324851,0.521335825,0.062215427,0.790389834,0.087762325,0.677600631,0.809689035,0.656747301,0.322897188,0.629088116,0.781731621,0.630691707,0.145537874,0.63273351,0.955268761,0.01206694,0.404511757,0.385479829,0.749764161,0.394837359,0.894844522,0.527087014,0.529736788,0.519283661,0.982129835,0.54861545,0.770281854,0.947158687,0.517937123,0.489816457,0.630597107,0.945675194,0.030859946,0.622255719,0.551546056,0.214857416,0.607685795,0.99426634,0.645050624,0.539866196,0.255123651,0.552255342,0.168378984,0.877012829,0.091390893,0.41703124,0.664528991,0.94113936,0.219823481,0.496041428,0.686115478,0.497621146,0.714083021,0.573948938,0.477796574,0.079244885,0.554548081,0.389069876,0.506783611,0.34640482
0.268203023,0.930303073,0.936628515,0.434287731,0.402890394,0.396334586,0.894911893,0.702556924,0.164121081,0.190521526,0.416653165,0.016356713,0.627132486,0.209261385,0.804979266,0.451308905,0.030489139,0.690656271,0.323587272,0.20519357,0.157455959,0.838652959,0.147075647,0.338814921,0.046289698,0.490372318,0.637962454,0.588784344,0.384056959,0.234941687,0.984740955,0.961008352,0.621769223,0.285242568,0.164082474,0.031330333,0.837575352,0.010479991,0.673089236,0.637162557,0.532546969,0.307103764,0.41104528,0.022075747,0.928042501,0.823060078,0.58565951,0.855117457,0.966307059,0.356444373,0.810358739,0.133395986,0.088631547,0.897336629,0.089972453,0.881532709,0.835199938,0.100282923,0.636194827,0.904812495,0.79431962,0.35647334,0.462368906,0.698617083,0.259682012,0.716052978,0.519955655,0.738552344,0.906179959,0.845149123
0.129000362,0.28339564,0.273374061,0.726015964,0.850643305,0.598049069,0.313330177,0.118749603,0.30587718,0.584799159,0.068392265,0.566092156,0.785655645,0.822976923,0.745258633,0.263541413,0.87581906,0.973155899,0.805406983,0.835244814,0.664656465,0.048240507,0.142530503,0.104626875,0.29627763,0.337433799,0.626278175,0.540739782,0.84928,0.602589963,0.451558206,0.654150079,0.49724885,0.246859875,0.925693474,0.371419976,0.015968975,0.330385165,0.304090008,0.860431323,0.341963389,0.923516776,0.556296009,0.539102285,0.005212334,0.577933791,0.751430736,0.360926457,0.305734747,0.363996719,0.228814927,0.369306001,0.249609125,0.608016515,0.491548975,0.980683493,0.809540195,0.086028635,0.294274838,0.479085574,0.253124796,0.659009783,0.259648067,0.824579893,0.000346126,0.118790107,0.699816246,0.504793586,0.017126627,0.091375457
0.889341669,0.702644634,0.838273372,0.981709807,0.297891656,0.588153664,0.135108722,0.314545728,0.624571493,0.724916494,0.614610158,0.113556157,0.284599437,0.279474302,0.524089345,0.83283517,0.067671147,0.966383203,0.232582915,0.380079416,0.725460087,0.773333656,0.573677203,0.746333761,0.150267435,0.039910681,0.119210076,0.036300775,0.631149663,0.552044121,0.515690739,0.819756493,0.526891269,0.004794371,0.323743628,0.697521323,0.453484171,0.654112217,0.918857,0.25031592,0.402193774,0.457407661,0.705882185,0.190194482,0.189516318,0.005263252,0.623578698,0.928938346,0.356226448,0.557147695,0.172712785,0.166797725,0.986209619,0.814674806,0.857577876,0.250319863,0.615890152,0.756798315,0.890703587,0.553566918,0.766197606,0.331631565,0.632079975,0.486278739,0.099519429,0.231371299,0.993981051,0.4011171,0.691908666,0.430100197
0.441578718,0.887896375,0.918798292,0.576547128,0.883264709,0.58881064,0.711473987,0.646293428,0.49012311,0.614086034,0.668002456,0.453956208,0.058995937,0.661201707,0.984211516,0.307992057,0.329573902,0.408676682,0.163712521,0.96893446,0.150526636,0.276450837,0.347196501,0.387375839,0.702866811,0.544635316,0.229240964,0.798246358,0.387106835,0.654338884,0.94439939,0.399234614,0.97967063,0.553893327,0.617191249,0.590385272,0.854583529,0.009019467,0.105744414,0.097142618,0.531064554,0.799348985,0.130962466,0.475923291,0.117114579,0.420884593,0.143510208,0.845817272,0.485857247,0.417389756,0.794499413,0.93554548,0.263722794,0.764908247,0.921088284,0.240203505,0.933918797,0.045465215,0.581603224,0.202147771,0.6324552,0.938227817,0.776356255,0.64155071,0.34816499,0.354997302,0.343864645,0.084110963,0.177778917,0.035088589
0.432266038,0.735708694,0.521989646,0.953353814,0.673864722,0.451690543,0.742378044,0.347336246,0.088452644,0.129030804,0.437264526,0.093063236,0.928017136,0.311126673,0.295459374,0.177380209,0.339949392,0.820527796,0.35225936,0.397909514,0.852639663,0.658720959,0.160169206,0.433119499,0.005517577,0.241037728,0.453546407,0.584366614,0.472535838,0.436596596,0.347238597,0.533834949,0.430755254,0.37930548,0.920848029,0.57732133,0.411718966,0.537527947,0.618317808,0.991811566,0.319031491,0.75259114,0.004321119,0.374735558,0.941973893,0.71684116,0.243778327,0.204346623,0.56654396,0.936848729,0.333547579,0.720805124,0.236238176,0.536156857,0.265775033,0.81309316,0.905513109,0.095470673,0.571992477,0.613904262,0.832931288,0.837237037,0.476989316,0.780913226,0.125357266,0.936211944,0.563797034,0.630688145,0.411087298,0.211435537
0.510865517,0.815437141,0.863045298,0.137083088,0.595986094,0.685038045,0.323570929,0.870884302,0.266817268,0.162144115,0.373136896,0.561029743,0.393947959,0.345873441,0.394332184,0.869923711,0.322225323,0.654365822,0.65032313,0.842061801,0.338668641,0.803780806,0.09357804,0.849874534,0.683906175,0.335053835,0.564906614,0.875941327,0.655598376,0.907072372,0.948076775,0.287178959,0.412366,0.996599375,0.345976875,0.601186161,0.207117249,0.847448592,0.762551695,0.54129119,0.056581031,0.107100639,0.027936757,0.145462422,0.370099423,0.16539075,0.120187243,0.282558893,0.730432003,0.391368124,0.534562094,0.901064162,0.520490092,0.453087824,0.187425374,0.103184557,0.360309252,0.054274656,0.936088004,0.509193946,0.636171072,0.042142079,0.70099437,0.292236115,0.596178685,0.399307076,0.640052833,0.641817942,0.36525525,0.986709225
0.636164069,0.565100342,0.285886029,0.575532478,0.794801262,0.062552569,0.72635167,0.590312718,0.020478984,0.54739833,0.978169911,0.372854207,0.189907607,0.747113553,0.086599397,0.863684531,0.309081701,0.947655613,0.58395429,0.058950964,0.762768212,0.71344272,0.743487457,0.251280343,0.098331996,0.617604001,0.029013945,0.081721878,0.226662021,0.358009024,0.019831651,0.402124354,0.913474389,0.225935678,0.703732093,0.785324438,0.687333513,0.020575685,0.765554936,0.949154707,0.629567585,0.253066753,0.442769752,0.135701784,0.220628878,0.008168254,0.696736285,0.648389765,0.867841859,0.620528882,0.420741874,0.573267054,0.661267306,0.393678425,0.305640381,0.99484914,0.650596519,0.924018278,0.965851235,0.966768968,0.956110926,0.25235633,0.016179872,0.295674216,0.33912119,0.22958682,0.457371857,0.811384044,0.400002835,0.814958831
0.934283903,0.877532932,0.476732411,0.482701334,0.150371879,0.781056863,0.719548284,0.727209148,0.468335367,0.687463065,0.146482141,0.12813046,0.397869615,0.731057609,0.490766245,0.579080636,0.38520132,0.074066102,0.517930859,0.669333468,0.662790731,0.984575668,0.706957545,0.624088884,0.226738835,0.674912787,0.56998572,0.574872592,0.469180386,0.62570725,0.256592183,0.251658155,0.089298369,0.141766088,0.522676055,0.184356444,0.204077798,0.798108577,0.994957764,0.623845206,0.986473843,0.836341786,0.740745106,0.83262721,0.35820149,0.469166089,0.774365253,0.544231733,0.500342886,0.495791641,0.299064926,0.734624423,0.837279974,0.834625892,0.395403276,0.860548963,0.024615924,0.117750909,0.070008207,0.577391307,0.302258024,0.420438723,0.971042041,0.837594735,0.345155801,0.815029331,0.673861071,0.024820859,0.024608721,0.981474991
0.698291006,0.46195173,0.206854991,0.960173432,0.512678061,0.729853724,0.839428473,0.735028699,0.364937989,0.095388732,0.647974039,0.957778357,0.286198077,0.072668974,0.905967425,0.728608694,0.411649956,0.424614433,0.751805649,0.784146526,0.15954594,0.674039678,0.586334568,0.256297009,0.033203678,0.38997099,0.60325159,0.613044833,0.842762636,0.073565331,0.836109061,0.342056099,0.41707326,0.501337052,0.347281329,0.861227856,0.957878716,0.64104521,0.696143645,0.256964214,0.328987948,0.340335865,0.846476491,0.234753726,0.417087573,0.024128102,0.35714112,0.406413291,0.459052291,0.897719273,0.116749016,0.034219011,0.944059268,0.870489668,0.778111898,0.856611494,0.470030687,0.07539224,0.650901639,0.125085097,0.346427422,0.93587532,0.571160158,0.46061895,0.082368061,0.251806717,0.582341018,0.228308261,0.769620267,0.900270884
0.645549424,0.375437527,0.202724898,0.148813772,0.93611413,0.641026675,0.101638007,0.507040483,0.566486714,0.35665546,0.215153123,0.131191784,0.969325224,0.896720231,0.3469878,0.742885038,0.61279614,0.840230798,0.028869663,0.687628512,0.73151151,0.691291467,0.532335548,0.587206189,0.271068928,0.578655302,0.059220727,0.66515146,0.852708108,0.699990206,0.823075001,0.087092567,0.050704951,0.648761192,0.148214364,0.005218249,0.302034081,0.275286857,0.356625281,0.291865737,0.203400374,0.165765578,0.971926379,0.529578706,0.89411254,0.489343696,0.873025271,0.308085679,0.271695756,0.480895283,0.129300454,0.966315109,0.963591574,0.977313615,0.328004731,0.956543253,0.829923106,0.977339508,0.023062101,0.582341879,0.311920091,0.566354023,0.232526701,0.235234473,0.674117552,0.531093941,0.389881754,0.871752397,0.132226722,0.980099053
0.314648824,0.340162454,0.750181682,0.453734072,0.57703538,0.47570021,0.678927864,0.063323292,0.581206218,0.659864569,0.528420304,0.451098178,0.627710181,0.740408469,0.247885215,0.99825159,0.713685221,0.790952452,0.290006575,0.768715708,0.061337223,0.349841141,0.873055108,0.018009206,0.252574181,0.496625618,0.47405583,0.112992974,0.925895168,0.199838035,0.876103478,0.451028314,0.507284717,0.509205517,0.434889954,0.079833665,0.86205313,0.076910528,0.504509562,0.182297102,0.354906673,0.472296424,0.162146541,0.491789357,0.020717891,0.802704285,0.858017345,0.425800567,0.32250223,0.489883877,0.621103083,0.212757403,0.302748439,0.507898956,0.042112281,0.94042503,0.595613709,0.355961019,0.555344377,0.101221425,0.158547404,0.956831096,0.884022352,0.552980808,0.721588488,0.853863991,0.035532495,0.906834387,0.637176898,0.456390441
0.176576105,0.054098585,0.310446504,0.369693734,0.031053257,0.25889796,0.708188608,0.538835881,0.242527552,0.466465888,0.307961596,0.207666467,0.794778262,0.170633794,0.639175334,0.957432218,0.790905377,0.093428061,0.707803184,0.354834959,0.393347112,0.635813619,0.728878803,0.819191086,0.739235934,0.383960655,0.96688132,0.883634735,0.956217385,0.657983632,0.26453512,0.810843777,0.958791606,0.590516819,0.473721754,0.856028719,0.75188912,0.528201814,0.369538972,0.110238527,0.457057351,0.151409678,0.915669704,0.840508349,0.209466122,0.300849038,0.675148305,0.265711253,0.079364265,0.027331772,0.36518104,0.589156514,0.542488503,0.927533867,0.740148271,0.112676441,0.100235986,0.236616317,0.053448771,0.972217559,0.206909897,0.053809894,0.748393538,0.241187206,0.551451126,0.096187157,0.837763025,0.740615591,0.222433552,0.212077303
0.770583493,0.753236034,0.386102386,0.534226198,0.872671795,0.269638282,0.762491607,0.502989022,0.613873008,0.439444741,0.696201483,0.130268358,0.454701264,0.939177183,0.693977441,0.83525505,0.829377541,0.604375262,0.363453765,0.264052115,0.63134864,0.544884068,0.275286135,0.631257287,0.618057266,0.524644508,0.985271904,0.014225932,0.360198683,0.200912984,0.658361826,0.021335478,0.281639876,0.107072956,0.080550509,0.295605407,0.398020468,0.491984179,0.930730247,0.066791827,0.775558848,0.604412217,0.973367217,0.744160143,0.368962778,0.744419812,0.445375178,0.166789338,0.73304827,0.892288201,0.206305637,0.363014118,0.959528511,0.328132625,0.914966431,0.93116566,0.503567999,0.790301099,0.191092163,0.715958638,0.860300527,0.100129225,0.971914863,0.524483746,0.541197133,0.008078214,0.408016301,0.307950649,0.091527708,0.225912131
0.829026607,0.157133464,0.189249724,0.28438921,0.282847468,0.282128565,0.784380431,0.884296242,0.214454643,0.800954622,0.958878062,0.485197177,0.891837306,0.98191169,0.303012271,0.115765414,0.256894215,0.090518547,0.77864958,0.540881196,0.95504831,0.449873387,0.277433462,0.906949546,0.535583497,0.416125704,0.972732986,0.255372266,0.078952931,0.279310173,0.213177259,0.264893477,0.465650174,0.463587053,0.956828046,0.238028285,0.504671206,0.321021777,0.927459246,0.870352228,0.208770649,0.079068538,0.606570597,0.059168071,0.476621701,0.057891413,0.684191033,0.682732564,0.864361279,0.346887619,0.799777889,0.262233841,0.700067798,0.226628898,0.724064191,0.21638671,0.17574771,0.648945201,0.096476834,0.603796798,0.169216639,0.484887636,0.629755777,0.623006919,0.400375001,0.025550719,0.503731603,0.976860899,0.666041807,0.993988636
0.703155877,0.105580454,0.15209843,0.628745793,0.310422598,0.761088743,0.533956562,0.943076455,0.888414577,0.26779574,0.842041092,0.257113553,0.805589746,0.81121499,0.586376871,0.951911914,0.931493108,0.791786978,0.229224804,0.416614069,0.462722063,0.819579333,0.884888189,0.10691637,0.603686126,0.874942026,0.655851409,0.837653135,0.925813775,0.859095817,0.820290534,0.45296881,0.305678524,0.806699796,0.052450969,0.470460289,0.401153905,0.466212952,0.939571266,0.079362173,0.591290547,0.534444926,0.710403416,0.198819333,0.437929956,0.925966104,0.194948423,0.372972899,0.604680083,0.795702351,0.047232471,0.378955645,0.648833075,0.741308907,0.797846007,0.620845819,0.659017541,0.674484147,0.306347593,0.335740704,0.462433719,0.856484582,0.158083649,0.640838016,0.981522933,0.098031775,0.246679364,0.304362331,0.364468486,0.585350242
0.012113694,0.044863258,0.194612969,0.408222753,0.523843128,0.991388969,0.763204421,0.542749905,0.846470138,0.908745719,0.016593833,0.014818376,0.330079244,0.131731819,0.559096761,0.412757132,0.869387091,0.047908641,0.88808935,0.074005338,0.846211665,0.385660504,0.591051501,0.63039829,0.773182285,0.044302229,0.579746789,0.487337989,0.358596376,0.881579935,0.187894743,0.716318345,0.549136268,0.296409822,0.69894504,0.558087743,0.860334335,0.063377069,0.164940025,0.481363524,0.296827883,0.598360904,0.730400884,0.706598707,0.242265939,0.047872792,0.563080927,0.071729461,0.201497273,0.429612631,0.081404236,0.366225421,0.378647459,0.972160182,0.523690021,0.070353806,0.230329251,0.504114337,0.811968601,0.152033085,0.000723085,0.376278886,0.96012053,0.897551535,0.757515113,0.071098382,0.219845372,0.793662677,0.861716884,0.314019349
0.819723741,0.816662969,0.6805431,0.186278613,0.079631231,0.124739731,0.257513273,0.759976227,0.294089296,0.2537659,0.517533456,0.230102624,0.457829198,0.785048154,0.205584933,0.62024681,0.058726273,0.10439524,0.877444834,0.420170578,0.617471499,0.764371062,0.034938244,0.966203244,0.798476614,0.314110259,0.606818296,0.538401155,0.851955316,0.104385084,0.95990586,0.491417628,0.132001607,0.052713187,0.896280873,0.704683417,0.525753848,0.315700263,0.565548994,0.275597761,0.084850173,0.769684724,0.340731745,0.370067769,0.729903224,0.697314127,0.901396761,0.923962278,0.040619112,0.006440138,0.775238708,0.992610878,0.449826628,0.062444878,0.516633217,0.807994405,0.483969793,0.590437632,0.885574709,0.542740035,0.024045424,0.346710516,0.794654136,0.570230877,0.031274313,0.934759318,0.043418305,0.286911192,0.915680237,0.144568297
